,moviename,year,description,cast,imdb_rating,imdb_ratingbasedon,tomatoes_audscore,tomatoes_rating,tomatoes_ratingbasedon,rank
0,The Shawshank Redemption,1994,"Two imprisoned men bond over a number of years, finding solace and eventual redemption through acts of common decency.","Frank Darabont (dir.), Tim Robbins, Morgan Freeman",9.2,"2,051,896",,,,1
1,The Godfather,1972,The aging patriarch of an organized crime dynasty transfers control of his clandestine empire to his reluctant son.,"Francis Ford Coppola (dir.), Marlon Brando, Al Pacino",9.2,"1,407,392",,,,2
2,The Godfather: Part II,1974,"The early life and career of Vito Corleone in 1920s New York City is portrayed, while his son, Michael, expands and tightens his grip on the family crime syndicate.","Francis Ford Coppola (dir.), Al Pacino, Robert De Niro",9.0,"975,957",,,,3
3,The Dark Knight,2008,"When the menace known as the Joker emerges from his mysterious past, he wreaks havoc and chaos on the people of Gotham. The Dark Knight must accept one of the greatest psychological and physical tests of his ability to fight injustice.","Christopher Nolan (dir.), Christian Bale, Heath Ledger",9.0,"2,018,734",,,,4
4,12 Angry Men,1957,A jury holdout attempts to prevent a miscarriage of justice by forcing his colleagues to reconsider the evidence.,"Sidney Lumet (dir.), Henry Fonda, Lee J. Cobb",8.9,"578,243",,,,5
5,Schindler's List,1993,"In German-occupied Poland during World War II, Oskar Schindler gradually becomes concerned for his Jewish workforce after witnessing their persecution by the Nazi Germans.","Steven Spielberg (dir.), Liam Neeson, Ralph Fiennes",8.9,"1,062,305",,,,6
6,The Lord of the Rings: The Return of the King,2003,Gandalf and Aragorn lead the World of Men against Sauron's army to draw his gaze from Frodo and Sam as they approach Mount Doom with the One Ring.,"Peter Jackson (dir.), Elijah Wood, Viggo Mortensen",8.9,"1,460,937",,,,7
7,Pulp Fiction,1994,"The lives of two mob hitmen, a boxer, a gangster's wife, and a pair of diner bandits intertwine in four tales of violence and redemption.","Quentin Tarantino (dir.), John Travolta, Uma Thurman",8.9,"1,603,445",,,,8
8,"The Good, the Bad and the Ugly",1966,A bounty hunting scam joins two men in an uneasy alliance against a third in a race to find a fortune in gold buried in a remote cemetery.,"Sergio Leone (dir.), Clint Eastwood, Eli Wallach",8.8,"608,959",,,,9
9,Fight Club,1999,"An insomniac office worker and a devil-may-care soapmaker form an underground fight club that evolves into something much, much more.","David Fincher (dir.), Brad Pitt, Edward Norton",8.8,"1,642,197",,,,10
10,The Lord of the Rings: The Fellowship of the Ring,2001,A meek Hobbit from the Shire and eight companions set out on a journey to destroy the powerful One Ring and save Middle-earth from the Dark Lord Sauron.,"Peter Jackson (dir.), Elijah Wood, Ian McKellen",8.8,"1,477,632",,,,11
11,Forrest Gump,1994,"The presidencies of Kennedy and Johnson, the events of Vietnam, Watergate, and other history unfold through the perspective of an Alabama man with an IQ of 75.","Robert Zemeckis (dir.), Tom Hanks, Robin Wright",8.7,"1,569,860",,,,12
12,Star Wars: Episode V - The Empire Strikes Back,1980,"After the rebels are brutally overpowered by the Empire on the ice planet Hoth, Luke Skywalker begins Jedi training with Yoda, while his friends are pursued by Darth Vader.","Irvin Kershner (dir.), Mark Hamill, Harrison Ford",8.7,"1,030,010",,,,13
13,Inception,2010,A thief who steals corporate secrets through the use of dream-sharing technology is given the inverse task of planting an idea into the mind of a CEO.,"Christopher Nolan (dir.), Leonardo DiCaprio, Joseph Gordon-Levitt",8.7,"1,798,133",91%,4.2/5,"569,017",14
14,The Lord of the Rings: The Two Towers,2002,"While Frodo and Sam edge closer to Mordor with the help of the shifty Gollum, the divided fellowship makes a stand against Sauron's new ally, Saruman, and his hordes of Isengard.","Peter Jackson (dir.), Elijah Wood, Ian McKellen",8.7,"1,321,049",,,,15
15,One Flew Over the Cuckoo's Nest,1975,A criminal pleads insanity after getting into trouble again and once in the mental institution rebels against the oppressive nurse and rallies up the scared patients.,"Milos Forman (dir.), Jack Nicholson, Louise Fletcher",8.7,"814,576",,,,16
16,Goodfellas,1990,"The story of Henry Hill and his life in the mob, covering his relationship with his wife Karen Hill and his mob partners Jimmy Conway and Tommy DeVito in the Italian-American crime syndicate.","Martin Scorsese (dir.), Robert De Niro, Ray Liotta",8.7,"885,371",97%,4.3/5,"428,343",17
17,The Matrix,1999,A computer hacker learns from mysterious rebels about the true nature of his reality and his role in the war against its controllers.,"Lana Wachowski (dir.), Keanu Reeves, Laurence Fishburne",8.6,"1,473,350",,,,18
18,Seven Samurai,1954,A poor village under attack by bandits recruits seven unemployed samurai to help them defend themselves.,"Akira Kurosawa (dir.), Toshirô Mifune, Takashi Shimura",8.6,"277,455",,,,19
19,Se7en,1995,"Two detectives, a rookie and a veteran, hunt a serial killer who uses the seven deadly sins as his motives.","David Fincher (dir.), Morgan Freeman, Brad Pitt",8.6,"1,257,049",,,,20
20,City of God,2002,"In the slums of Rio, two kids' paths diverge as one struggles to become a photographer and the other a kingpin.","Fernando Meirelles (dir.), Alexandre Rodrigues, Leandro Firmino",8.6,"632,522",,,,21
21,Star Wars: Episode IV - A New Hope,1977,"Luke Skywalker joins forces with a Jedi Knight, a cocky pilot, a Wookiee and two droids to save the galaxy from the Empire's world-destroying battle station, while also attempting to rescue Princess Leia from the mysterious Darth Vader.","George Lucas (dir.), Mark Hamill, Harrison Ford",8.6,"1,099,833",,,,22
22,The Silence of the Lambs,1991,"A young FBI cadet must receive the help of an incarcerated and manipulative cannibal killer to help catch another serial killer, a madman who skins his victims.","Jonathan Demme (dir.), Jodie Foster, Anthony Hopkins",8.6,"1,105,272",,,,23
23,It's a Wonderful Life,1946,An angel is sent from Heaven to help a desperately frustrated businessman by showing him what life would have been like if he had never existed.,"Frank Capra (dir.), James Stewart, Donna Reed",8.6,"349,379",,,,24
24,Life Is Beautiful,1997,"When an open-minded Jewish librarian and his son become victims of the Holocaust, he uses a perfect mixture of will, humor, and imagination to protect his son from the dangers around their camp.","Roberto Benigni (dir.), Roberto Benigni, Nicoletta Braschi",8.6,"538,859",,,,25
25,Spider-Man: Into the Spider-Verse,2018,"Teen Miles Morales becomes Spider-Man of his reality, crossing his path with five counterparts from other dimensions to stop a threat for all realities.","Bob Persichetti (dir.), Shameik Moore, Jake Johnson",8.6,"93,994",,,,26
26,Spirited Away,2001,"During her family's move to the suburbs, a sullen 10-year-old girl wanders into a world ruled by gods, witches, and spirits, and where humans are changed into beasts.","Hayao Miyazaki (dir.), Daveigh Chase, Suzanne Pleshette",8.5,"542,389",,,,27
27,Saving Private Ryan,1998,"Following the Normandy Landings, a group of U.S. soldiers go behind enemy lines to retrieve a paratrooper whose brothers have been killed in action.","Steven Spielberg (dir.), Tom Hanks, Matt Damon",8.5,"1,084,044",,,,28
28,The Usual Suspects,1995,"A sole survivor tells of the twisty events leading up to a horrific gun battle on a boat, which began when five criminals met at a seemingly random police lineup.","Bryan Singer (dir.), Kevin Spacey, Gabriel Byrne",8.5,"889,506",,,,29
29,Léon: The Professional,1994,"Mathilda, a 12-year-old girl, is reluctantly taken in by Léon, a professional assassin, after her family is murdered. Léon and Mathilda form an unusual relationship, as she becomes his protégée and learns the assassin's trade.","Luc Besson (dir.), Jean Reno, Gary Oldman",8.5,"902,981",,,,30
30,The Green Mile,1999,"The lives of guards on Death Row are affected by one of their charges: a black man accused of child murder and rape, yet who has a mysterious gift.","Frank Darabont (dir.), Tom Hanks, Michael Clarke Duncan",8.5,"988,069",,,,31
31,Interstellar,2014,A team of explorers travel through a wormhole in space in an attempt to ensure humanity's survival.,"Christopher Nolan (dir.), Matthew McConaughey, Anne Hathaway",8.5,"1,258,784",85%,4.1/5,"173,373",32
32,Psycho,1960,"A Phoenix secretary embezzles forty thousand dollars from her employer's client, goes on the run, and checks into a remote motel run by a young man under the domination of his mother.","Alfred Hitchcock (dir.), Anthony Perkins, Janet Leigh",8.5,"524,911",94%,3.9/5,"239,323",33
33,American History X,1998,A former neo-nazi skinhead tries to prevent his younger brother from going down the same wrong path that he did.,"Tony Kaye (dir.), Edward Norton, Edward Furlong",8.5,"933,912",,,,34
34,City Lights,1931,"With the aid of a wealthy erratic tippler, a dewy-eyed tramp who has fallen in love with a sightless flower girl accumulates money to be able to help her medically.","Charles Chaplin (dir.), Charles Chaplin, Virginia Cherrill",8.5,"142,624",,,,35
35,Casablanca,1942,A cynical nightclub owner protects an old flame and her husband from Nazis in Morocco.,"Michael Curtiz (dir.), Humphrey Bogart, Ingrid Bergman",8.5,"467,047",,,,36
36,Once Upon a Time in the West,1968,A mysterious stranger with a harmonica joins forces with a notorious desperado to protect a beautiful widow from a ruthless assassin working for the railroad.,"Sergio Leone (dir.), Henry Fonda, Charles Bronson",8.5,"265,753",,,,37
37,Modern Times,1936,The Tramp struggles to live in modern industrial society with the help of a young homeless woman.,"Charles Chaplin (dir.), Charles Chaplin, Paulette Goddard",8.5,"185,204",,,,38
38,The Pianist,2002,A Polish Jewish musician struggles to survive the destruction of the Warsaw ghetto of World War II.,"Roman Polanski (dir.), Adrien Brody, Thomas Kretschmann",8.5,"626,108",,,,39
39,The Intouchables,2011,"After he becomes a quadriplegic from a paragliding accident, an aristocrat hires a young man from the projects to be his caregiver.","Olivier Nakache (dir.), François Cluzet, Omar Sy",8.5,"658,014",,,,40
40,The Departed,2006,An undercover cop and a mole in the police attempt to identify each other while infiltrating an Irish gang in South Boston.,"Martin Scorsese (dir.), Leonardo DiCaprio, Matt Damon",8.5,"1,054,099",,,,41
41,Back to the Future,1985,"Marty McFly, a 17-year-old high school student, is accidentally sent thirty years into the past in a time-traveling DeLorean invented by his close friend, the maverick scientist Doc Brown.","Robert Zemeckis (dir.), Michael J. Fox, Christopher Lloyd",8.5,"912,516",,,,42
42,Terminator 2: Judgment Day,1991,"A cyborg, identical to the one who failed to kill Sarah Connor, must now protect her teenage son, John Connor, from a more advanced and powerful cyborg.","James Cameron (dir.), Arnold Schwarzenegger, Linda Hamilton",8.5,"889,190",,,,43
43,Whiplash,2014,A promising young drummer enrolls at a cut-throat music conservatory where his dreams of greatness are mentored by an instructor who will stop at nothing to realize a student's potential.,"Damien Chazelle (dir.), Miles Teller, J.K. Simmons",8.5,"595,915",,,,44
44,Rear Window,1954,A wheelchair-bound photographer spies on his neighbors from his apartment window and becomes convinced one of them has committed murder.,"Alfred Hitchcock (dir.), James Stewart, Grace Kelly",8.5,"390,154",,,,45
45,The Lion King,1994,"A Lion cub crown prince is tricked by a treacherous uncle into thinking he caused his father's death and flees into exile in despair, only to learn in adulthood his identity and his responsibilities.","Roger Allers (dir.), Matthew Broderick, Jeremy Irons",8.5,"813,608",,,,46
46,Raiders of the Lost Ark,1981,"In 1936, archaeologist and adventurer Indiana Jones is hired by the U.S. government to find the Ark of the Covenant before","Steven Spielberg (dir.), Harrison Ford, Karen Allen",8.5,"795,207",,,,47
47,Gladiator,2000,A former Roman General sets out to exact vengeance against the corrupt emperor who murdered his family and sent him into slavery.,"Ridley Scott (dir.), Russell Crowe, Joaquin Phoenix",8.5,"1,186,656",87%,3.8/5,"34,127,922",48
48,The Prestige,2006,"After a tragic accident, two stage magicians engage in a battle to create the ultimate illusion while sacrificing everything they have to outwit each other.","Christopher Nolan (dir.), Christian Bale, Hugh Jackman",8.5,"1,043,003",,,,49
49,Apocalypse Now,1979,"During the Vietnam War, Captain Willard is sent on a dangerous mission into Cambodia to assassinate a renegade Colonel who has set himself up as a god among a local tribe.","Francis Ford Coppola (dir.), Martin Sheen, Marlon Brando",8.4,"537,438",,,,50
50,Memento,2000,A man with short-term memory loss attempts to track down his wife's murderer.,"Christopher Nolan (dir.), Guy Pearce, Carrie-Anne Moss",8.4,"1,013,548",94%,4.1/5,"380,200",51
51,Alien,1979,"After a space merchant vessel perceives an unknown transmission as a distress call, its landing on the source moon finds one of the crew attacked by a mysterious lifeform, and they soon realize that its life cycle has merely begun.","Ridley Scott (dir.), Sigourney Weaver, Tom Skerritt",8.4,"698,356",94%,3.9/5,"458,495",52
52,Cinema Paradiso,1988,A filmmaker recalls his childhood when falling in love with the pictures at the cinema of his home village and forms a deep friendship with the cinema's projectionist.,"Giuseppe Tornatore (dir.), Philippe Noiret, Enzo Cannavale",8.4,"196,129",,,,53
53,Grave of the Fireflies,1988,A young boy and his little sister struggle to survive in Japan during World War II.,"Isao Takahata (dir.), Tsutomu Tatsumi, Ayano Shiraishi",8.4,"189,937",,,,54
54,The Great Dictator,1940,Dictator Adenoid Hynkel tries to expand his empire while a poor Jewish barber tries to avoid persecution from Hynkel's regime.,"Charles Chaplin (dir.), Charles Chaplin, Paulette Goddard",8.4,"176,008",,,,55
55,Sunset Blvd.,1950,"A screenwriter is hired to rework a faded silent film star's script, only to find himself developing a dangerous relationship.","Billy Wilder (dir.), William Holden, Gloria Swanson",8.4,"174,972",,,,56
56,The Lives of Others,2006,"In 1984 East Berlin, an agent of the secret police, conducting surveillance on a writer and his lover, finds himself becoming increasingly absorbed by their lives.","Florian Henckel von Donnersmarck (dir.), Ulrich Mühe, Martina Gedeck",8.4,"316,245",,,,57
57,Dr. Strangelove or: How I Learned to Stop Worrying and Love the Bomb,1964,An insane general triggers a path to nuclear holocaust that a War Room full of politicians and generals frantically tries to stop.,"Stanley Kubrick (dir.), Peter Sellers, George C. Scott",8.4,"407,775",,,,58
58,Avengers: Infinity War,2018,The Avengers and their allies must be willing to sacrifice all in an attempt to defeat the powerful Thanos before his blitz of devastation and ruin puts an end to the universe.,"Anthony Russo (dir.), Robert Downey Jr., Chris Hemsworth",8.4,"583,332",,,,59
59,Paths of Glory,1957,"After refusing to attack an enemy position, a general accuses the soldiers of cowardice and their commanding officer must defend them.","Stanley Kubrick (dir.), Kirk Douglas, Ralph Meeker",8.4,"152,410",,,,60
60,The Shining,1980,"A family heads to an isolated hotel for the winter where an evil spiritual presence influences the father into violence, while his psychic son sees horrific forebodings from both past and future.","Stanley Kubrick (dir.), Jack Nicholson, Shelley Duvall",8.4,"762,496",,,,61
61,Django Unchained,2012,"With the help of a German bounty hunter, a freed slave sets out to rescue his wife from a brutal Mississippi plantation owner.","Quentin Tarantino (dir.), Jamie Foxx, Christoph Waltz",8.4,"1,183,498",,,,62
62,WALL·E,2008,"In the distant future, a small waste-collecting robot inadvertently embarks on a space journey that will ultimately decide the fate of mankind.","Andrew Stanton (dir.), Ben Burtt, Elissa Knight",8.4,"886,349",,,,63
63,Princess Mononoke,1997,"On a journey to find the cure for a Tatarigami's curse, Ashitaka finds himself in the middle of a war between the forest gods and Tatara, a mining colony. In this quest he also meets San, the Mononoke Hime.","Hayao Miyazaki (dir.), Yôji Matsuda, Yuriko Ishida",8.4,"286,954",94%,4.2/5,"221,634",64
64,Witness for the Prosecution,1957,A veteran British barrister must defend his client in a murder trial that has surprise after surprise.,"Billy Wilder (dir.), Tyrone Power, Marlene Dietrich",8.4,"88,875",,,,65
65,Oldeuboi,2003,"After being kidnapped and imprisoned for fifteen years, Oh Dae-Su is released, only to find that he must find his captor in five days.","Chan-wook Park (dir.), Min-sik Choi, Ji-tae Yu",8.3,"448,341",,,,66
66,The Dark Knight Rises,2012,"Eight years after the Joker's reign of anarchy, Batman, with the help of the enigmatic Catwoman, is forced from his exile to save Gotham City, now on the edge of total annihilation, from the brutal guerrilla terrorist Bane.","Christopher Nolan (dir.), Christian Bale, Tom Hardy",8.3,"1,360,722",,,,67
67,American Beauty,1999,A sexually frustrated suburban father has a mid-life crisis after becoming infatuated with his daughter's best friend.,"Sam Mendes (dir.), Kevin Spacey, Annette Bening",8.3,"974,354",,,,68
68,Aliens,1986,"Ellen Ripley is rescued by a deep salvage team after being in hypersleep for 57 years. The moon that the Nostromo visited has been colonized, but contact is lost. This time, colonial marines have impressive firepower, but will that be enough?","James Cameron (dir.), Sigourney Weaver, Michael Biehn",8.3,"589,489",,,,69
69,Once Upon a Time in America,1984,"A former Prohibition-era Jewish gangster returns to the Lower East Side of Manhattan over thirty years later, where he once again must confront the ghosts and regrets of his old life.","Sergio Leone (dir.), Robert De Niro, James Woods",8.3,"271,126",,,,70
70,Coco,2017,"Aspiring musician Miguel, confronted with his family's ancestral ban on music, enters the Land of the Dead to find his great-great-grandfather, a legendary singer.","Lee Unkrich (dir.), Anthony Gonzalez, Gael García Bernal",8.3,"256,147",15%,2.2/5,478,71
71,Das Boot,1981,"The claustrophobic world of a WWII German U-boat; boredom, filth and sheer terror.","Wolfgang Petersen (dir.), Jürgen Prochnow, Herbert Grönemeyer",8.3,"205,062",,,,72
72,Citizen Kane,1941,"Following the death of a publishing tycoon, news reporters scramble to discover the meaning of his final utterance.","Orson Welles (dir.), Orson Welles, Joseph Cotten",8.3,"357,073",,,,73
73,Braveheart,1995,"When his secret bride is executed for assaulting an English soldier who tried to rape her, William Wallace begins a revolt against King Edward I of England.","Mel Gibson (dir.), Mel Gibson, Sophie Marceau",8.3,"877,506",57%,3.5/5,20,74
74,Vertigo,1958,A former police detective juggles wrestling with his personal demons and becoming obsessed with a hauntingly beautiful woman.,"Alfred Hitchcock (dir.), James Stewart, Kim Novak",8.3,"313,265",93%,4.2/5,"102,089",75
75,North by Northwest,1959,"A hapless New York City advertising executive is mistaken for a government agent by a group of foreign spies, and is pursued across the country while he looks for a way to survive.","Alfred Hitchcock (dir.), Cary Grant, Eva Marie Saint",8.3,"266,439",94%,4.2/5,"79,364",76
76,Reservoir Dogs,1992,"When a simple jewelry heist goes horribly wrong, the surviving criminals begin to suspect that one of them is a police informant.","Quentin Tarantino (dir.), Harvey Keitel, Tim Roth",8.3,"805,717",,,,77
77,Star Wars: Episode VI - Return of the Jedi,1983,"After a daring mission to rescue Han Solo from Jabba the Hutt, the rebels dispatch to Endor to destroy a more powerful Death Star. Meanwhile, Luke struggles to help Darth Vader back from the dark side without falling into the Emperor's trap.","Richard Marquand (dir.), Mark Hamill, Harrison Ford",8.3,"844,454",,,,78
78,Your Name.,2016,"Two strangers find themselves linked in a bizarre way. When a connection forms, will distance be the only thing to keep them apart?","Makoto Shinkai (dir.), Ryûnosuke Kamiki, Mone Kamishiraishi",8.3,"122,919",,,,79
79,M,1931,"When the police in a German city are unable to catch a child-murderer, other criminals join in the manhunt.","Fritz Lang (dir.), Peter Lorre, Ellen Widmann",8.3,"124,528",,,,80
80,Amadeus,1984,"The life, success and troubles of Wolfgang Amadeus Mozart, as told by Antonio Salieri, the contemporary composer who was insanely jealous of Mozart's talent and claimed to have murdered him.","Milos Forman (dir.), F. Murray Abraham, Tom Hulce",8.3,"330,198",95%,3.9/5,"179,835",81
81,Dangal,2016,Former wrestler,"Nitesh Tiwari (dir.), Aamir Khan, Sakshi Tanwar",8.3,"115,269",94%,4.5/5,"2,191",82
82,Requiem for a Dream,2000,The drug-induced utopias of four Coney Island people are shattered when their addictions run deep.,"Darren Aronofsky (dir.), Ellen Burstyn, Jared Leto",8.3,"687,903",,,,83
83,Taare Zameen Par,2007,"An eight-year-old boy is thought to be a lazy trouble-maker, until the new art teacher has the patience and compassion to discover the real problem behind his struggles in school.","Aamir Khan (dir.), Darsheel Safary, Aamir Khan",8.3,"136,416",,,,84
84,3 Idiots,2009,"Two friends are searching for their long lost companion. They revisit their college days and recall the memories of their friend who inspired them to think differently, even as the rest of the world called them ""idiots"".","Rajkumar Hirani (dir.), Aamir Khan, Madhavan",8.3,"291,917",,,,85
85,Lawrence of Arabia,1962,The story of,"David Lean (dir.), Peter O'Toole, Alec Guinness",8.3,"237,078",,,,86
86,Eternal Sunshine of the Spotless Mind,2004,"When their relationship turns sour, a couple undergoes a medical procedure to have each other erased from their memories.","Michel Gondry (dir.), Jim Carrey, Kate Winslet",8.3,"808,948",,,,87
87,2001: A Space Odyssey,1968,"After discovering a mysterious artifact buried beneath the lunar surface, mankind sets off on a quest to find its origins with help from intelligent supercomputer HAL 9000.","Stanley Kubrick (dir.), Keir Dullea, Gary Lockwood",8.3,"530,290",,,,88
88,Toy Story,1995,A cowboy doll is profoundly threatened and jealous when a new spaceman figure supplants him as top toy in a boy's room.,"John Lasseter (dir.), Tom Hanks, Tim Allen",8.3,"773,797",,,,89
89,A Clockwork Orange,1971,"In the future, a sadistic gang leader is imprisoned and volunteers for a conduct-aversion experiment, but it doesn't go as planned.","Stanley Kubrick (dir.), Malcolm McDowell, Patrick Magee",8.3,"675,098",,,,90
90,Amélie,2001,"Amélie is an innocent and naive girl in Paris with her own sense of justice. She decides to help those around her and, along the way, discovers love.","Jean-Pierre Jeunet (dir.), Audrey Tautou, Mathieu Kassovitz",8.3,"641,025",,,,91
91,Double Indemnity,1944,An insurance representative lets himself be talked into a murder/insurance fraud scheme that arouses the suspicion of an insurance investigator.,"Billy Wilder (dir.), Fred MacMurray, Barbara Stanwyck",8.3,"124,497",,,,92
92,Singin' in the Rain,1952,A silent film production company and cast make a difficult transition to sound.,"Stanley Donen (dir.), Gene Kelly, Donald O'Connor",8.3,"191,865",,,,93
93,Taxi Driver,1976,"A mentally unstable veteran works as a nighttime taxi driver in New York City, where the perceived decadence and sleaze fuels his urge for violent action by attempting to liberate a presidential campaign worker and an underage prostitute.","Martin Scorsese (dir.), Robert De Niro, Jodie Foster",8.3,"623,105",,,,94
94,Inglourious Basterds,2009,"In Nazi-occupied France during World War II, a plan to assassinate Nazi leaders by a group of Jewish U.S. soldiers coincides with a theatre owner's vengeful plans for the same.","Quentin Tarantino (dir.), Brad Pitt, Diane Kruger",8.3,"1,094,502",,,,95
95,Full Metal Jacket,1987,A pragmatic U.S. Marine observes the dehumanizing effects the Vietnam War has on his fellow recruits from their brutal boot camp training to the bloody street fighting in Hue.,"Stanley Kubrick (dir.), Matthew Modine, R. Lee Ermey",8.3,"596,510",,,,96
96,To Kill a Mockingbird,1962,"Atticus Finch, a lawyer in the Depression-era South, defends a black man against an undeserved rape charge, and his children against prejudice.","Robert Mulligan (dir.), Gregory Peck, John Megna",8.3,"266,573",,,,97
97,Bicycle Thieves,1948,"In post-war Italy, a working-class man's bicycle is stolen. He and his son set out to find it.","Vittorio De Sica (dir.), Lamberto Maggiorani, Enzo Staiola",8.3,"123,474",,,,98
98,The Kid,1921,"The Tramp cares for an abandoned child, but events put that relationship in jeopardy.","Charles Chaplin (dir.), Charles Chaplin, Edna Purviance",8.3,"93,594",48%,3/5,"60,606",99
99,The Sting,1973,Two grifters team up to pull off the ultimate con.,"George Roy Hill (dir.), Paul Newman, Robert Redford",8.3,"215,171",,,,100
100,Good Will Hunting,1997,"Will Hunting, a janitor at M.I.T., has a gift for mathematics, but needs help from a psychologist to find direction in his life.","Gus Van Sant (dir.), Robin Williams, Matt Damon",8.3,"750,485",,,,101
101,Toy Story 3,2010,"The toys are mistakenly delivered to a day-care center instead of the attic right before Andy leaves for college, and it's up to Woody to convince the other toys that they weren't abandoned and to return home.","Lee Unkrich (dir.), Tom Hanks, Tim Allen",8.3,"666,671",,,,102
102,The Hunt,2012,"A teacher lives a lonely life, all the while struggling over his son's custody. His life slowly gets better as he finds love and receives good news from his son, but his new luck is about to be brutally shattered by an innocent little lie.","Thomas Vinterberg (dir.), Mads Mikkelsen, Thomas Bo Larsen",8.3,"234,921",83%,3.9/5,116,103
103,Snatch,2000,"Unscrupulous boxing promoters, violent bookmakers, a Russian gangster, incompetent amateur robbers and supposedly Jewish jewelers fight to track down a priceless stolen diamond.","Guy Ritchie (dir.), Jason Statham, Brad Pitt",8.3,"706,780",93%,4/5,"394,076",104
104,Scarface,1983,"In Miami in 1980, a determined Cuban immigrant takes over a drug cartel and succumbs to greed.","Brian De Palma (dir.), Al Pacino, Michelle Pfeiffer",8.2,"651,187",93%,4.1/5,"488,005",105
105,For a Few Dollars More,1965,Two bounty hunters with the same intentions team up to track down a Western outlaw.,"Sergio Leone (dir.), Clint Eastwood, Lee Van Cleef",8.2,"200,685",,,,106
106,Monty Python and the Holy Grail,1975,"King Arthur and his Knights of the Round Table embark on a surreal, low-budget search for the Holy Grail, encountering many, very silly obstacles.","Terry Gilliam (dir.), Graham Chapman, John Cleese",8.2,"452,911",,,,107
107,The Apartment,1960,"A man tries to rise in his company by letting its executives use his apartment for trysts, but complications and a romance of his own ensue.","Billy Wilder (dir.), Jack Lemmon, Shirley MacLaine",8.2,"140,066",,,,108
108,Metropolis,1927,"In a futuristic city sharply divided between the working class and the city planners, the son of the city's mastermind falls in love with a working class prophet who predicts the coming of a savior to mediate their differences.","Fritz Lang (dir.), Brigitte Helm, Alfred Abel",8.2,"140,128",,,,109
109,L.A. Confidential,1997,"As corruption grows in 1950s Los Angeles, three policemen -- one strait-laced, one brutal, and one sleazy -- investigate a series of murders with their own brand of justice.","Curtis Hanson (dir.), Kevin Spacey, Russell Crowe",8.2,"485,698",,,,110
110,A Separation,2011,A married couple are faced with a difficult decision - to improve the life of their child by moving to another country or to stay in Iran and look after a deteriorating parent who has Alzheimer's disease.,"Asghar Farhadi (dir.), Payman Maadi, Leila Hatami",8.2,"191,404",,,,111
111,Indiana Jones and the Last Crusade,1989,"In 1938, after his father Professor Henry Jones, Sr. goes missing while pursuing the Holy Grail, Indiana Jones finds himself up against","Steven Spielberg (dir.), Harrison Ford, Sean Connery",8.2,"621,288",,,,112
112,Rashômon,1950,"The rape of a bride and the murder of her samurai husband are recalled from the perspectives of a bandit, the bride, the samurai's ghost and a woodcutter.","Akira Kurosawa (dir.), Toshirô Mifune, Machiko Kyô",8.2,"130,907",,,,113
113,Up,2009,"Seventy-eight year old Carl Fredricksen travels to Paradise Falls in his home equipped with balloons, inadvertently taking a young stowaway.","Pete Docter (dir.), Edward Asner, Jordan Nagai",8.2,"826,309",90%,3.8/5,"1,203,115",114
114,All About Eve,1950,An ingenue insinuates herself into the company of an established but aging stage actress and her circle of theater friends.,"Joseph L. Mankiewicz (dir.), Bette Davis, Anne Baxter",8.2,"105,399",,,,115
115,Batman Begins,2005,"After training with his mentor, Batman begins his fight to free crime-ridden Gotham City from corruption.","Christopher Nolan (dir.), Christian Bale, Michael Caine",8.2,"1,170,604",,,,116
116,Yojimbo,1961,A crafty ronin comes to a town divided by two criminal gangs and decides to play them against each other to free the town.,"Akira Kurosawa (dir.), Toshirô Mifune, Eijirô Tôno",8.2,"94,732",96%,4.4/5,"42,248",117
117,Some Like It Hot,1959,"When two male musicians witness a mob hit, they flee the state in an all-female band disguised as women, but further complications set in.","Billy Wilder (dir.), Marilyn Monroe, Tony Curtis",8.2,"215,642",,,,118
118,Unforgiven,1992,"Retired Old West gunslinger William Munny reluctantly takes on one last job, with the help of his old partner and a young man.","Clint Eastwood (dir.), Clint Eastwood, Gene Hackman",8.2,"334,484",,,,119
119,Downfall,2004,"Traudl Junge, the final secretary for Adolf Hitler, tells of the Nazi dictator's final days in his Berlin bunker at the end of WWII.","Oliver Hirschbiegel (dir.), Bruno Ganz, Alexandra Maria Lara",8.2,"299,161",94%,4.2/5,"70,245",120
120,Die Hard,1988,An NYPD officer tries to save his wife and several others taken hostage by German terrorists during a Christmas party at the Nakatomi Plaza in Los Angeles.,"John McTiernan (dir.), Bruce Willis, Alan Rickman",8.2,"708,329",,,,121
121,The Treasure of the Sierra Madre,1948,"Fred Dobbs and Bob Curtin, two Americans searching for work in Mexico, convince an old prospector to help them mine for gold in the Sierra Madre Mountains.","John Huston (dir.), Humphrey Bogart, Walter Huston",8.2,"99,851",,,,122
122,Heat,1995,A group of professional bank robbers start to feel the heat from police when they unknowingly leave a clue at their latest heist.,"Michael Mann (dir.), Al Pacino, Robert De Niro",8.2,"515,276",,,,123
123,Incendies,2010,Twins journey to the Middle East to discover their family history and fulfill their mother's last wishes.,"Denis Villeneuve (dir.), Lubna Azabal, Mélissa Désormeaux-Poulin",8.2,"120,131",92%,4.3/5,"17,720",124
124,Ikiru,1952,A bureaucrat tries to find a meaning in his life after he discovers he has terminal cancer.,"Akira Kurosawa (dir.), Takashi Shimura, Nobuo Kaneko",8.2,"57,365",97%,4.5/5,"20,222",125
125,Raging Bull,1980,The life of boxer,"Martin Scorsese (dir.), Robert De Niro, Cathy Moriarty",8.2,"282,535",,,,126
126,The Great Escape,1963,Allied prisoners of war plan for several hundred of their number to escape from a German camp during World War II.,"John Sturges (dir.), Steve McQueen, James Garner",8.2,"201,792",,,,127
127,Children of Heaven,1997,"After a boy loses his sister's pair of shoes, he goes on a series of adventures in order to find them. When he can't, he tries a new way to ""win"" a new pair.","Majid Majidi (dir.), Mohammad Amir Naji, Amir Farrokh Hashemian",8.2,"49,728",,,,128
128,Pan's Labyrinth,2006,"In the Falangist Spain of 1944, the bookish young stepdaughter of a sadistic army officer escapes into an eerie but captivating fantasy world.","Guillermo del Toro (dir.), Ivana Baquero, Ariadna Gil",8.2,"562,692",,,,129
129,Babam ve Oglum,2005,The family of a left-wing journalist is torn apart after a military coup in 1980's Turkey.,"Çagan Irmak (dir.), Çetin Tekindor, Fikret Kuskan",8.2,"64,045",,,,130
130,Chinatown,1974,"A private detective hired to expose an adulterer finds himself caught up in a web of deceit, corruption, and murder.","Roman Polanski (dir.), Jack Nicholson, Faye Dunaway",8.2,"261,415",93%,4.2/5,"77,503",131
131,The Third Man,1949,"Pulp novelist Holly Martins travels to shadowy, postwar Vienna, only to find himself investigating the mysterious death of an old friend, Harry Lime.","Carol Reed (dir.), Orson Welles, Joseph Cotten",8.2,"140,948",93%,4.3/5,"53,749",132
132,My Neighbor Totoro,1988,"When two girls move to the country to be near their ailing mother, they have adventures with the wondrous forest spirits who live nearby.","Hayao Miyazaki (dir.), Hitoshi Takagi, Noriko Hidaka",8.2,"232,575",,,,133
133,Green Book,2018,A working-class Italian-American bouncer becomes the driver of an African-American classical pianist on a tour of venues through the 1960s American South.,"Peter Farrelly (dir.), Viggo Mortensen, Mahershala Ali",8.2,"58,996",,,,134
134,Andhadhun,2018,A series of mysterious events change the life of a blind pianist who now must report a crime that was actually never witnessed by him.,"Sriram Raghavan (dir.), Ayushmann Khurrana, Tabu",8.2,"33,499",94%,4.6/5,360,135
135,Howl's Moving Castle,2004,"When an unconfident young woman is cursed with an old body by a spiteful witch, her only chance of breaking the spell lies with a self-indulgent yet insecure young wizard and his companions in his legged, walking castle.","Hayao Miyazaki (dir.), Chieko Baishô, Takuya Kimura",8.2,"276,190",,,,136
136,Ran,1985,"In Medieval Japan, an elderly warlord retires, handing over his empire to his three sons. However, he vastly underestimates how the new-found power will corrupt them and cause them to turn on each other...and him.","Akira Kurosawa (dir.), Tatsuya Nakadai, Akira Terao",8.2,"97,837",95%,4.3/5,"38,202",137
137,Judgment at Nuremberg,1961,"In 1948, an American court in occupied Germany tries four Nazi judges for war crimes.","Stanley Kramer (dir.), Spencer Tracy, Burt Lancaster",8.2,"60,476",,,,138
138,The Secret in Their Eyes,2009,A retired legal counselor writes a novel hoping to find closure for one of his past unresolved homicide cases and for his unreciprocated love with his superior - both of which still haunt him decades later.,"Juan José Campanella (dir.), Ricardo Darín, Soledad Villamil",8.2,"169,688",,,,139
139,The Gold Rush,1925,A prospector goes to the Klondike in search of gold and finds it and more.,"Charles Chaplin (dir.), Charles Chaplin, Mack Swain",8.2,"87,777",93%,4.2/5,"20,449",140
140,The Bridge on the River Kwai,1957,"After settling his differences with a Japanese P.O.W. camp commander, a British Colonel co-operates to oversee his men's construction of a railway bridge for their captors, while oblivious to a plan by the Allies to destroy it.","David Lean (dir.), William Holden, Alec Guinness",8.2,"183,327",,,,141
141,A Beautiful Mind,2001,After,"Ron Howard (dir.), Russell Crowe, Ed Harris",8.2,"756,169",,,,142
142,"Lock, Stock and Two Smoking Barrels",1998,"A botched card game in London triggers four friends, thugs, weed-growers, hard gangsters, loan sharks and debt collectors to collide with each other in a series of unexpected events, all for the sake of weed, cash and two antique shotguns.","Guy Ritchie (dir.), Jason Flemyng, Dexter Fletcher",8.2,"486,273",,,,143
143,Casino,1995,"A tale of greed, deception, money, power, and murder occur between two best friends: a mafia enforcer and a casino executive, compete against each other over a gambling empire, and over a fast living and fast loving socialite.","Martin Scorsese (dir.), Robert De Niro, Sharon Stone",8.2,"406,553",,,,144
144,"Three Billboards Outside Ebbing, Missouri",2017,A mother personally challenges the local authorities to solve her daughter's murder when they fail to catch the culprit.,"Martin McDonagh (dir.), Frances McDormand, Woody Harrelson",8.2,"320,728",,,,145
145,On the Waterfront,1954,An ex-prize fighter turned longshoreman struggles to stand up to his corrupt union bosses.,"Elia Kazan (dir.), Marlon Brando, Karl Malden",8.2,"126,491",,,,146
146,The Seventh Seal,1957,"A man seeks answers about life, death, and the existence of God as he plays chess against the Grim Reaper during the Black Plague.","Ingmar Bergman (dir.), Max von Sydow, Gunnar Björnstrand",8.2,"140,608",,,,147
147,Inside Out,2015,"After young Riley is uprooted from her Midwest life and moved to San Francisco, her emotions - Joy, Fear, Anger, Disgust and Sadness - conflict on how best to navigate a new city, house, and school.","Pete Docter (dir.), Amy Poehler, Bill Hader",8.1,"520,272",,,,148
148,The Elephant Man,1980,"A Victorian surgeon rescues a heavily disfigured man who is mistreated while scraping a living as a side-show freak. Behind his monstrous façade, there is revealed a person of intelligence and sensitivity.","David Lynch (dir.), Anthony Hopkins, John Hurt",8.1,"197,268",,,,149
149,The Wolf of Wall Street,2013,Based on the true story of,"Martin Scorsese (dir.), Leonardo DiCaprio, Jonah Hill",8.1,"1,009,013",,,,150
150,Room,2015,"Held captive for years in an enclosed space, a woman and her young son finally gain their freedom, allowing the boy to experience the outside world for the first time.","Lenny Abrahamson (dir.), Brie Larson, Jacob Tremblay",8.1,"303,633",46%,2.7/5,"9,442",151
151,V for Vendetta,2005,"In a future British tyranny, a shadowy freedom fighter, known only by the alias of ""V"", plots to overthrow it with the help of a young woman.","James McTeigue (dir.), Hugo Weaving, Natalie Portman",8.1,"938,027",,,,152
152,Mr. Smith Goes to Washington,1939,"A naive man is appointed to fill a vacancy in the United States Senate. His plans promptly collide with political corruption, but he doesn't back down.","Frank Capra (dir.), James Stewart, Jean Arthur",8.1,"96,726",,,,153
153,Warrior,2011,"The youngest son of an alcoholic former boxer returns home, where he's trained by his father for competition in a mixed martial arts tournament - a path that puts the fighter on a collision course with his estranged, older brother.","Gavin O'Connor (dir.), Tom Hardy, Nick Nolte",8.1,"398,034",,,,154
154,Blade Runner,1982,"A blade runner must pursue and terminate four replicants who stole a ship in space, and have returned to Earth to find their creator.","Ridley Scott (dir.), Harrison Ford, Rutger Hauer",8.1,"615,938",,,,155
155,Dial M for Murder,1954,A tennis player frames his unfaithful wife for first-degree murder after she inadvertently hinders his plan to kill her.,"Alfred Hitchcock (dir.), Ray Milland, Grace Kelly",8.1,"137,935",,,,156
156,Wild Strawberries,1957,"After living a life marked by coldness, an aging professor is forced to confront the emptiness of his existence.","Ingmar Bergman (dir.), Victor Sjöström, Bibi Andersson",8.1,"82,510",,,,157
157,The General,1926,"When Union spies steal an engineer's beloved locomotive, he pursues it single-handedly and straight through enemy lines.","Clyde Bruckman (dir.), Buster Keaton, Marion Mack",8.1,"70,427",,,,158
158,No Country for Old Men,2007,Violence and mayhem ensue after a hunter stumbles upon a drug deal gone wrong and more than two million dollars in cash near the Rio Grande.,"Ethan Coen (dir.), Tommy Lee Jones, Javier Bardem",8.1,"752,138",,,,159
159,There Will Be Blood,2007,"A story of family, religion, hatred, oil and madness, focusing on a turn-of-the-century prospector in the early days of the business.","Paul Thomas Anderson (dir.), Daniel Day-Lewis, Paul Dano",8.1,"455,322",,,,160
160,Trainspotting,1996,"Renton, deeply immersed in the Edinburgh drug scene, tries to clean up and get out, despite the allure of the drugs and influence of friends.","Danny Boyle (dir.), Ewan McGregor, Ewen Bremner",8.1,"580,549",93%,4/5,"313,392",161
161,The Sixth Sense,1999,A boy who communicates with spirits seeks the help of a disheartened child psychologist.,"M. Night Shyamalan (dir.), Bruce Willis, Haley Joel Osment",8.1,"831,062",,,,162
162,Gone with the Wind,1939,A manipulative woman and a roguish man conduct a turbulent romance during the American Civil War and Reconstruction periods.,"Victor Fleming (dir.), Clark Gable, Vivien Leigh",8.1,"259,830",,,,163
163,The Thing,1982,A research team in Antarctica is hunted by a shape-shifting alien that assumes the appearance of its victims.,"John Carpenter (dir.), Kurt Russell, Wilford Brimley",8.1,"324,081",,,,164
164,Fargo,1996,Jerry Lundegaard's inept crime falls apart due to his and his henchmen's bungling and the persistent police work of the quite pregnant Marge Gunderson.,"Joel Coen (dir.), William H. Macy, Frances McDormand",8.1,"551,980",93%,3.9/5,"233,620",165
165,Gran Torino,2008,"Disgruntled Korean War veteran Walt Kowalski sets out to reform his neighbor, a Hmong teenager who tried to steal Kowalski's prized possession: a 1972 Gran Torino.","Clint Eastwood (dir.), Clint Eastwood, Bee Vang",8.1,"660,196",,,,166
166,Come and See,1985,"After finding an old rifle, a young boy joins the Soviet resistance movement against ruthless German forces and experiences the horrors of World War II.","Elem Klimov (dir.), Aleksey Kravchenko, Olga Mironova",8.1,"41,997",,,,167
167,Finding Nemo,2003,"After his son is captured in the Great Barrier Reef and taken to Sydney, a timid clownfish sets out on a journey to bring him home.","Andrew Stanton (dir.), Albert Brooks, Ellen DeGeneres",8.1,"850,362",,,,168
168,The Deer Hunter,1978,An in-depth examination of the ways in which the U.S. Vietnam War impacts and disrupts the lives of people in a small industrial town in Pennsylvania.,"Michael Cimino (dir.), Robert De Niro, Christopher Walken",8.1,"279,986",,,,169
169,The Big Lebowski,1998,"Jeff ""The Dude"" Lebowski, mistaken for a millionaire of the same name, seeks restitution for his ruined rug and enlists his bowling buddies to help get it.","Joel Coen (dir.), Jeff Bridges, John Goodman",8.1,"650,952",,,,170
170,Sherlock Jr.,1924,"A film projectionist longs to be a detective, and puts his meagre skills to work when he is framed by a rival for stealing his girlfriend's father's pocketwatch.","Buster Keaton (dir.), Buster Keaton, Kathryn McGuire",8.1,"31,804",95%,4.3/5,"6,866",171
171,Shutter Island,2010,"In 1954, a U.S. Marshal investigates the disappearance of a murderer, who escaped from a hospital for the criminally insane.","Martin Scorsese (dir.), Leonardo DiCaprio, Emily Mortimer",8.1,"983,057",,,,172
172,Kill Bill: Vol. 1,2003,"After awakening from a four-year coma, a former assassin wreaks vengeance on the team of assassins who betrayed her.","Quentin Tarantino (dir.), Uma Thurman, David Carradine",8.1,"887,522",,,,173
173,Cool Hand Luke,1967,"A laid back Southern man is sentenced to two years in a rural prison, but refuses to conform.","Stuart Rosenberg (dir.), Paul Newman, George Kennedy",8.1,"145,813",,,,174
174,Tokyo Story,1953,An old couple visit their children and grandchildren in the city; but the children have little time for them.,"Yasujirô Ozu (dir.), Chishû Ryû, Chieko Higashiyama",8.1,"42,498",,,,175
175,Rebecca,1940,A self-conscious bride is tormented by the memory of her husband's dead first wife.,"Alfred Hitchcock (dir.), Laurence Olivier, Joan Fontaine",8.1,"109,021",,,,176
176,Mary and Max,2009,"A tale of friendship between two unlikely pen pals: Mary, a lonely, eight-year-old girl living in the suburbs of Melbourne, and Max, a forty-four-year old, severely obese man living in New York.","Adam Elliot (dir.), Toni Collette, Philip Seymour Hoffman",8.1,"148,500",,,,177
177,Hacksaw Ridge,2016,World War II American Army Medic,"Mel Gibson (dir.), Andrew Garfield, Sam Worthington",8.1,"353,245",,,,178
178,How to Train Your Dragon,2010,"A hapless young Viking who aspires to hunt dragons becomes the unlikely friend of a young dragon himself, and learns there may be more to the creatures than he assumed.","Dean DeBlois (dir.), Jay Baruchel, Gerard Butler",8.1,"594,970",,,,179
179,Gone Girl,2014,"With his wife's disappearance having become the focus of an intense media circus, a man sees the spotlight turned on him when it's suspected that he may not be innocent.","David Fincher (dir.), Ben Affleck, Rosamund Pike",8.1,"744,152",,,,180
180,Jurassic Park,1993,"During a preview tour, a theme park suffers a major power breakdown that allows its cloned dinosaur exhibits to run amok.","Steven Spielberg (dir.), Sam Neill, Laura Dern",8.1,"766,606",,,,181
181,Relatos salvajes,2014,Six short stories that explore the extremities of human behavior involving people in distress.,"Damián Szifron (dir.), Darío Grandinetti, María Marull",8.1,"146,527",,,,182
182,Sunrise,1927,An allegorical tale about a man fighting the good and evil within him. Both sides are made flesh - one a sophisticated woman he is attracted to and the other his wife.,"F.W. Murnau (dir.), George O'Brien, Janet Gaynor",8.1,"42,361",92%,4.4/5,"9,553",183
183,Into the Wild,2007,"After graduating from Emory University, top student and athlete Christopher McCandless abandons his possessions, gives his entire $24,000 savings account to charity and hitchhikes to Alaska to live in the wilderness. Along the way, Christopher encounters a series of characters that shape his life.","Sean Penn (dir.), Emile Hirsch, Vince Vaughn",8.1,"516,553",,,,184
184,The Truman Show,1998,An insurance salesman discovers his whole life is actually a reality TV show.,"Peter Weir (dir.), Jim Carrey, Ed Harris",8.1,"820,916",,,,185
185,In the Name of the Father,1993,A man's coerced confession to an IRA bombing he did not commit results in the imprisonment of his father as well. An English lawyer fights to free them.,"Jim Sheridan (dir.), Daniel Day-Lewis, Pete Postlethwaite",8.1,"138,886",,,,186
186,Stalker,1979,A guide leads two men through an area known as the Zone to find a room that grants wishes.,"Andrei Tarkovsky (dir.), Alisa Freyndlikh, Aleksandr Kaydanovskiy",8.1,"95,195",,,,187
187,The Grand Budapest Hotel,2014,"The adventures of Gustave H, a legendary concierge at a famous hotel from the fictional Republic of Zubrowka between the first and second World Wars, and Zero Moustafa, the lobby boy who becomes his most trusted friend.","Wes Anderson (dir.), Ralph Fiennes, F. Murray Abraham",8.1,"620,219",,,,188
188,Stand by Me,1986,"After the death of a friend, a writer recounts a boyhood journey to find the body of a missing boy.","Rob Reiner (dir.), Wil Wheaton, River Phoenix",8.1,"328,247",,,,189
189,It Happened One Night,1934,A spoiled heiress running away from her family is helped by a man who is actually a reporter in need of a story.,"Frank Capra (dir.), Clark Gable, Claudette Colbert",8.1,"83,266",,,,190
190,Platoon,1986,A young soldier in Vietnam faces a moral crisis when confronted with the horrors of war and the duality of man.,"Oliver Stone (dir.), Charlie Sheen, Tom Berenger",8.1,"346,152",93%,3.9/5,"239,550",191
191,Life of Brian,1979,"Born on the original Christmas in the stable next door to Jesus, Brian of Nazareth spends his life being mistaken for a messiah.","Terry Jones (dir.), Graham Chapman, John Cleese",8.1,"328,372",,,,192
192,Network,1976,A television network cynically exploits a deranged former anchor's ravings and revelations about the news media for its own profit.,"Sidney Lumet (dir.), Faye Dunaway, William Holden",8.1,"128,748",93%,4.2/5,"36,180",193
193,The Bandit,1996,"Baran the Bandit, released from prison after 35 years searches for vengeance and his lover.","Yavuz Turgul (dir.), Sener Sen, Ugur Yücel",8.1,"54,058",,,,194
194,Memories of Murder,2003,"In a small Korean province in 1986, three detectives struggle with the case of multiple young women being found raped and murdered by an unknown culprit.","Joon-ho Bong (dir.), Kang-ho Song, Sang-kyung Kim",8.1,"97,420",,,,195
195,Persona,1966,A nurse is put in charge of a mute actress and finds that their personae are melding together.,"Ingmar Bergman (dir.), Bibi Andersson, Liv Ullmann",8.1,"84,822",94%,4.4/5,"25,700",196
196,Ben-Hur,1959,"When a Jewish prince is betrayed and sent into slavery by a Roman friend, he regains his freedom and comes back for revenge.","William Wyler (dir.), Charlton Heston, Jack Hawkins",8.1,"198,193",,,,197
197,Hotel Rwanda,2004,Paul Rusesabagina was a hotel manager who housed over a thousand Tutsi refugees during their struggle against the Hutu militia in Rwanda.,"Terry George (dir.), Don Cheadle, Sophie Okonedo",8.1,"309,230",,,,198
198,12 Years a Slave,2013,"In the antebellum United States,","Steve McQueen (dir.), Chiwetel Ejiofor, Michael Kenneth Williams",8.1,"565,343",,,,199
199,Million Dollar Baby,2004,A determined woman works with a hardened boxing trainer to become a professional.,"Clint Eastwood (dir.), Hilary Swank, Clint Eastwood",8.1,"577,464",,,,200
200,Andrei Rublev,1966,"The life, times and afflictions of the fifteenth-century Russian iconographer.","Andrei Tarkovsky (dir.), Anatoliy Solonitsyn, Ivan Lapikov",8.1,"37,636",94%,4.5/5,"9,961",201
201,Before Sunrise,1995,"A young man and woman meet on a train in Europe, and wind up spending one evening together in Vienna. Unfortunately, both know that this will probably be their only night together.","Richard Linklater (dir.), Ethan Hawke, Julie Delpy",8.1,"233,006",,,,202
202,The Wages of Fear,1953,"In a decrepit South American village, four men are hired to transport an urgent nitroglycerine shipment without the equipment that would make it safe.","Henri-Georges Clouzot (dir.), Yves Montand, Charles Vanel",8.1,"47,300",,,,203
203,The Passion of Joan of Arc,1928,"In 1431, Jeanne d'Arc is placed on trial on charges of heresy. The ecclesiastical jurists attempt to force Jeanne to recant her claims of holy visions.","Carl Theodor Dreyer (dir.), Maria Falconetti, Eugene Silvain",8.1,"39,580",,,,204
204,Rush,2013,The merciless 1970s rivalry between Formula One rivals,"Ron Howard (dir.), Daniel Brühl, Chris Hemsworth",8.1,"385,303",,,,205
205,Bohemian Rhapsody,2018,The story of the legendary rock band,"Bryan Singer (dir.), Rami Malek, Lucy Boynton",8.1,"242,147",,,,206
206,Mad Max: Fury Road,2015,"In a post-apocalyptic wasteland, a woman rebels against a tyrannical ruler in search for her homeland with the aid of a group of female prisoners, a psychotic worshiper, and a drifter named Max.","George Miller (dir.), Tom Hardy, Charlize Theron",8.1,"761,099",,,,207
207,The 400 Blows,1959,"A young boy, left without attention, delves into a life of petty crime.","François Truffaut (dir.), Jean-Pierre Léaud, Albert Rémy",8.1,"90,382",,,,208
208,Prisoners,2013,"When Keller Dover's daughter and her friend go missing, he takes matters into his own hands as the police pursue multiple leads and the pressure mounts.","Denis Villeneuve (dir.), Hugh Jackman, Jake Gyllenhaal",8.1,"513,998",87%,4.1/5,113,209
209,Hachi: A Dog's Tale,2009,A college professor's bond with the abandoned dog he takes into his home.,"Lasse Hallström (dir.), Richard Gere, Joan Allen",8.1,"217,999",,,,210
210,Spotlight,2015,"The true story of how the Boston Globe uncovered the massive scandal of child molestation and cover-up within the local Catholic Archdiocese, shaking the entire Catholic Church to its core.","Tom McCarthy (dir.), Mark Ruffalo, Michael Keaton",8.1,"353,854",,,,211
211,Amores Perros,2000,"A horrific car accident connects three stories, each involving characters dealing with loss, regret, and life's harsh realities, all in the name of love.","Alejandro G. Iñárritu (dir.), Emilio Echevarría, Gael García Bernal",8.1,"204,369",,,,212
212,Logan,2017,"In a future where mutants are nearly extinct, an elderly and weary Logan leads a quiet life. But when Laura, a mutant child pursued by scientists, comes to him for help, he must get her to safety.","James Mangold (dir.), Hugh Jackman, Patrick Stewart",8.1,"535,751",,,,213
213,Catch Me If You Can,2002,"A seasoned FBI agent pursues Frank Abagnale Jr. who, before his 19th birthday, successfully forged millions of dollars' worth of checks while posing as a Pan Am pilot, a doctor, and a legal prosecutor.","Steven Spielberg (dir.), Leonardo DiCaprio, Tom Hanks",8.1,"699,108",,,,214
214,The Princess Bride,1987,"While home sick in bed, a young boy's grandfather reads him the story of a farmboy-turned-pirate who encounters numerous obstacles, enemies and allies in his quest to be reunited with his true love.","Rob Reiner (dir.), Cary Elwes, Mandy Patinkin",8.1,"351,589",,,,215
215,Rang De Basanti,2006,"The story of six young Indians who assist an English Woman to film a documentary on the extremist freedom fighters from their past, and the events that lead them to relive the long forgotten saga of freedom.","Rakeysh Omprakash Mehra (dir.), Aamir Khan, Soha Ali Khan",8.1,"98,627",,,,216
216,Nausicaä of the Valley of the Wind,1984,Warrior and pacifist Princess Nausicaä desperately struggles to prevent two warring nations from destroying themselves and their dying planet.,"Hayao Miyazaki (dir.), Sumi Shimamoto, Mahito Tsujimura",8.0,"125,335",,,,217
217,Harry Potter and the Deathly Hallows: Part 2,2011,"Harry, Ron, and Hermione search for Voldemort's remaining Horcruxes in their effort to destroy the Dark Lord as the final battle rages on at Hogwarts.","David Yates (dir.), Daniel Radcliffe, Emma Watson",8.0,"677,613",,,,218
218,Butch Cassidy and the Sundance Kid,1969,"Wyoming, early 1900s. Butch Cassidy and The Sundance Kid are the leaders of a band of outlaws. After a train robbery goes wrong they find themselves on the run with a posse hard on their heels. Their solution - escape to Bolivia.","George Roy Hill (dir.), Paul Newman, Robert Redford",8.0,"184,178",,,,219
219,Rocky,1976,A small-time boxer gets a supremely rare chance to fight a heavy-weight champion in a bout in which he strives to go the distance for his self-respect.,"John G. Avildsen (dir.), Sylvester Stallone, Talia Shire",8.0,"463,446",,,,220
220,Barry Lyndon,1975,An Irish rogue wins the heart of a rich widow and assumes her dead husband's aristocratic position in 18th-century England.,"Stanley Kubrick (dir.), Ryan O'Neal, Marisa Berenson",8.0,"129,602",,,,221
221,"Monsters, Inc.",2001,"In order to power the city, monsters have to scare children so that they scream. However, the children are toxic to the monsters, and after a child gets through, 2 monsters realize things may not be what they think.","Pete Docter (dir.), Billy Crystal, John Goodman",8.0,"723,451",,,,222
222,The Grapes of Wrath,1940,"A poor Midwest family is forced off their land. They travel to California, suffering the misfortunes of the homeless in the Great Depression.","John Ford (dir.), Henry Fonda, Jane Darwell",8.0,"79,604",,,,223
223,The Maltese Falcon,1941,"A private detective takes on a case that involves him with three eccentric criminals, a gorgeous liar, and their quest for a priceless statuette.","John Huston (dir.), Humphrey Bogart, Mary Astor",8.0,"138,306",,,,224
224,Dead Poets Society,1989,English teacher John Keating inspires his students to look at poetry with a different perspective of authentic knowledge and feelings.,"Peter Weir (dir.), Robin Williams, Robert Sean Leonard",8.0,"358,959",,,,225
225,The Terminator,1984,"A seemingly indestructible android is sent from 2029 to 1984 to assassinate a waitress, whose unborn son will lead humanity in a war against the machines, while a soldier from that war is sent to protect her at all costs.","James Cameron (dir.), Arnold Schwarzenegger, Linda Hamilton",8.0,"715,860",,,,226
226,Donnie Darko,2001,"A troubled teenager is plagued by visions of a man in a large rabbit suit who manipulates him to commit a series of crimes, after he narrowly escapes a bizarre accident.","Richard Kelly (dir.), Jake Gyllenhaal, Jena Malone",8.0,"687,822",,,,227
227,Gandhi,1982,"Gandhi's character is fully explained as a man of nonviolence. Through his patience, he is able to drive the British out of the subcontinent. And the stubborn nature of Jinnah and his commitment towards Pakistan is portrayed.","Richard Attenborough (dir.), Ben Kingsley, John Gielgud",8.0,"204,464",92%,4/5,"49,707",228
228,Diabolique,1955,The wife and mistress of a loathed school principal hatch a plan to murder him while having the perfect alibi. They carry out the plan...but then his body disappears.,"Henri-Georges Clouzot (dir.), Simone Signoret, Véra Clouzot",8.0,"55,454",34%,2.7/5,"6,935",229
229,La Haine,1995,24 hours in the lives of three young men in the French suburbs the day after a violent riot.,"Mathieu Kassovitz (dir.), Vincent Cassel, Hubert Koundé",8.0,"129,679",,,,230
230,Groundhog Day,1993,A weatherman finds himself inexplicably living the same day over and over again.,"Harold Ramis (dir.), Bill Murray, Andie MacDowell",8.0,"532,288",,,,231
231,In the Mood for Love,2000,"Two neighbors, a woman and a man, form a strong bond after both suspect extramarital activities of their spouses. However, they agree to keep their bond platonic so as not to commit similar wrongs.","Kar-Wai Wong (dir.), Tony Chiu-Wai Leung, Maggie Cheung",8.0,"102,919",,,,232
232,The Wizard of Oz,1939,Dorothy Gale is swept away from a farm in Kansas to a magical land of Oz in a tornado and embarks on a quest with her new friends to see the Wizard who can help her return home to Kansas and help her friends as well.,"Victor Fleming (dir.), Judy Garland, Frank Morgan",8.0,"346,629",,,,233
233,The Help,2011,"An aspiring author during the civil rights movement of the 1960s decides to write a book detailing the African American maids' point of view on the white families for which they work, and the hardships they go through on a daily basis.","Tate Taylor (dir.), Emma Stone, Viola Davis",8.0,"385,775",,,,234
234,Jaws,1975,"When a killer shark unleashes chaos on a beach resort, it's up to a local sheriff, a marine biologist, and an old seafarer to hunt the beast down.","Steven Spielberg (dir.), Roy Scheider, Robert Shaw",8.0,"500,871",90%,3.5/5,"943,309",235
235,The Handmaiden,2016,"A woman is hired as a handmaiden to a Japanese heiress, but secretly she is involved in a plot to defraud her.","Chan-wook Park (dir.), Min-hee Kim, Jung-woo Ha",8.0,"73,535",,,,236
236,The Nights of Cabiria,1957,A waifish prostitute wanders the streets of Rome looking for true love but finds only heartbreak.,"Federico Fellini (dir.), Giulietta Masina, François Périer",8.0,"37,867",,,,237
237,Before Sunset,2004,"Nine years after Jesse and Celine first met, they encounter each other again on the French leg of Jesse's book tour.","Richard Linklater (dir.), Ethan Hawke, Julie Delpy",8.0,"203,671",,,,238
238,Castle in the Sky,1986,A young boy and a girl with a magic crystal must race against pirates and foreign agents in a search for a legendary floating castle.,"Hayao Miyazaki (dir.), Anna Paquin, James Van Der Beek",8.0,"124,665",91%,4.1/5,"79,351",239
239,"Paris, Texas",1984,"Travis Henderson, an aimless drifter who has been missing for four years, wanders out of the desert and must reconnect with society, himself, his life, and his family.","Wim Wenders (dir.), Harry Dean Stanton, Nastassja Kinski",8.0,"72,224",,,,240
240,Tangerines,2013,"War in Georgia, Apkhazeti region in 1990. An Estonian man Ivo has stayed behind to harvest his crops of tangerines. In a bloody conflict at his door, a wounded man is left behind, and Ivo is forced to take him in.","Zaza Urushadze (dir.), Lembit Ulfsak, Elmo Nüganen",8.0,"32,319",89%,4.1/5,"3,420",241
241,Gangs of Wasseypur,2012,"A clash between Sultan and Shahid Khan leads to the expulsion of Khan from Wasseypur, and ignites a deadly blood feud spanning three generations.","Anurag Kashyap (dir.), Manoj Bajpayee, Richa Chadha",8.0,"67,405",,,,242
242,The Best Years of Our Lives,1946,Three World War II veterans return home to small-town America to discover that they and their families have been irreparably changed.,"William Wyler (dir.), Myrna Loy, Dana Andrews",8.0,"52,398",,,,243
243,PK,2014,An alien on Earth loses the only device he can use to communicate with his spaceship. His innocent nature and child-like questions force the country to evaluate the impact of religion on its people.,"Rajkumar Hirani (dir.), Aamir Khan, Anushka Sharma",8.0,"133,428",85%,4.2/5,"4,356",244
244,Pirates of the Caribbean: The Curse of the Black Pearl,2003,"Blacksmith Will Turner teams up with eccentric pirate ""Captain"" Jack Sparrow to save his love, the governor's daughter, from Jack's former pirate allies, who are now undead.","Gore Verbinski (dir.), Johnny Depp, Geoffrey Rush",8.0,"950,081",,,,245
245,Guardians of the Galaxy,2014,A group of intergalactic criminals must pull together to stop a fanatical warrior with plans to purge the universe.,"James Gunn (dir.), Chris Pratt, Vin Diesel",8.0,"908,423",,,,246
246,Paper Moon,1973,"During the Great Depression, a con man finds himself saddled with a young girl who may or may not be his daughter, and the two forge an unlikely partnership.","Peter Bogdanovich (dir.), Ryan O'Neal, Tatum O'Neal",8.0,"37,284",,,,247
247,Drishyam,2015,"Desperate measures are taken by a man who tries to save his family from the dark side of the law, after they commit an unexpected crime.","Nishikant Kamat (dir.), Ajay Devgn, Shriya Saran",8.0,"52,763",89%,4.3/5,601,248
248,8½,1963,A harried movie director retreats into his memories and fantasies.,"Federico Fellini (dir.), Marcello Mastroianni, Anouk Aimée",8.0,"97,936",,,,249
249,Three Colors: Red,1994,A model discovers her neighbor is keen on invading people's privacy.,"Krzysztof Kieslowski (dir.), Irène Jacob, Jean-Louis Trintignant",8.0,"78,163",,,,250
